{"stats":{"minecraft:picked_up":{"minecraft:dirt":10},"minecraft:custom":{"minecraft:jump":63,"minecraft:time_since_rest":1866,"minecraft:leave_game":1,"minecraft:crouch_one_cm":96,"minecraft:sprint_one_cm":4239,"minecraft:play_time":1866,"minecraft:damage_taken":20,"minecraft:time_since_death":1866,"minecraft:walk_one_cm":3064,"minecraft:sneak_time":8,"minecraft:total_world_time":1866,"minecraft:fall_one_cm":1565,"minecraft:fly_one_cm":14635},"minecraft:used":{"minecraft:dirt":2,"minecraft:weathered_copper":2},"minecraft:mined":{"minecraft:grass_block":10}},"DataVersion":3465}