{"stats":{"minecraft:broken":{"minecraft:golden_helmet":1,"minecraft:stone_sword":1,"minecraft:stone_pickaxe":2,"minecraft:shield":1,"minecraft:golden_axe":1,"minecraft:stone_axe":2,"minecraft:iron_helmet":1},"minecraft:mined":{"minecraft:diamond_ore":1,"minecraft:large_amethyst_bud":2,"minecraft:crying_obsidian":2,"minecraft:tuff":1,"minecraft:spruce_planks":3,"minecraft:white_bed":6,"minecraft:deepslate_diamond_ore":21,"minecraft:granite":3,"minecraft:grass_block":5,"minecraft:decorated_pot":14,"minecraft:tuff_bricks":8,"minecraft:spawner":2,"minecraft:furnace":15,"minecraft:waxed_copper_grate":6,"minecraft:iron_ore":68,"minecraft:cobbled_deepslate":5,"minecraft:polished_tuff":2,"minecraft:andesite":3,"minecraft:deepslate_lapis_ore":10,"minecraft:gold_block":2,"minecraft:pointed_dripstone":24,"minecraft:deepslate_iron_ore":20,"minecraft:stone":87,"minecraft:amethyst_cluster":4,"minecraft:powder_snow":4,"minecraft:crafting_table":7,"minecraft:short_grass":50,"minecraft:calcite":1,"minecraft:chest":3,"minecraft:copper_ore":18,"minecraft:tall_grass":7,"minecraft:cobblestone":15,"minecraft:deepslate_gold_ore":19,"minecraft:lapis_ore":5,"minecraft:lily_pad":1,"minecraft:sugar_cane":6,"minecraft:diorite":4,"minecraft:wall_torch":1,"minecraft:amethyst_block":2,"minecraft:cauldron":2,"minecraft:coal_ore":130,"minecraft:oak_log":111,"minecraft:dripstone_block":10,"minecraft:dirt":1,"minecraft:cobweb":19,"minecraft:smooth_basalt":1,"minecraft:oak_leaves":14,"minecraft:deepslate":16},"minecraft:killed_by":{"minecraft:husk":6,"minecraft:player":1,"minecraft:stray":12,"minecraft:creeper":2,"minecraft:spider":1,"minecraft:skeleton":1,"minecraft:witch":1,"minecraft:zombie":1},"minecraft:custom":{"minecraft:mob_kills":178,"minecraft:interact_with_crafting_table":48,"minecraft:open_barrel":13,"minecraft:fill_cauldron":1,"minecraft:leave_game":3,"minecraft:time_since_death":4469,"minecraft:climb_one_cm":22481,"minecraft:sprint_one_cm":932915,"minecraft:walk_one_cm":387731,"minecraft:damage_blocked_by_shield":5099,"minecraft:drop":82,"minecraft:play_time":240977,"minecraft:sneak_time":10228,"minecraft:deaths":28,"minecraft:walk_under_water_one_cm":33471,"minecraft:jump":5853,"minecraft:walk_on_water_one_cm":63071,"minecraft:total_world_time":240977,"minecraft:interact_with_furnace":118,"minecraft:sleep_in_bed":5,"minecraft:time_since_rest":4495,"minecraft:damage_taken":14616,"minecraft:damage_dealt":26067,"minecraft:swim_one_cm":101346,"minecraft:fly_one_cm":1136396,"minecraft:open_chest":57,"minecraft:crouch_one_cm":21841,"minecraft:fall_one_cm":195124,"minecraft:use_cauldron":1,"minecraft:inspect_dispenser":4},"minecraft:used":{"minecraft:stone_sword":114,"minecraft:chest":4,"minecraft:spruce_planks":1,"minecraft:shield":74,"minecraft:cooked_chicken":23,"minecraft:rotten_flesh":21,"minecraft:trial_key":9,"minecraft:iron_chestplate":2,"minecraft:torch":43,"minecraft:dirt":5,"minecraft:spyglass":25,"minecraft:waxed_copper_grate":1,"minecraft:honey_bottle":6,"minecraft:granite":2,"minecraft:milk_bucket":1,"minecraft:iron_axe":103,"minecraft:iron_helmet":1,"minecraft:iron_boots":3,"minecraft:smooth_basalt":1,"minecraft:golden_sword":14,"minecraft:diamond_chestplate":2,"minecraft:golden_carrot":2,"minecraft:bow":88,"minecraft:ominous_bottle":1,"minecraft:furnace":15,"minecraft:cooked_beef":10,"minecraft:cobbled_deepslate":25,"minecraft:golden_axe":17,"minecraft:iron_leggings":2,"minecraft:calcite":1,"minecraft:cooked_mutton":15,"minecraft:water_bucket":83,"minecraft:diorite":4,"minecraft:stone_pickaxe":266,"minecraft:baked_potato":12,"minecraft:wooden_pickaxe":3,"minecraft:leather_chestplate":2,"minecraft:cauldron":1,"minecraft:crafting_table":10,"minecraft:white_bed":7,"minecraft:crossbow":52,"minecraft:dripstone_block":10,"minecraft:cake":1,"minecraft:oak_log":5,"minecraft:diamond_pickaxe":50,"minecraft:ominous_trial_key":2,"minecraft:mace":2,"minecraft:wind_charge":5,"minecraft:bread":16,"minecraft:iron_pickaxe":214,"minecraft:stone_axe":115,"minecraft:golden_helmet":1,"minecraft:diamond_sword":221,"minecraft:potion":1,"minecraft:cobblestone":64,"minecraft:andesite":3,"minecraft:cooked_porkchop":20,"minecraft:bucket":84},"minecraft:crafted":{"minecraft:oak_planks":56,"minecraft:spyglass":1,"minecraft:cooked_chicken":8,"minecraft:furnace":3,"minecraft:cooked_mutton":20,"minecraft:bow":3,"minecraft:iron_boots":3,"minecraft:stone_pickaxe":2,"minecraft:chest":2,"minecraft:cooked_beef":8,"minecraft:diamond_sword":2,"minecraft:cooked_porkchop":27,"minecraft:crafting_table":4,"minecraft:wooden_pickaxe":1,"minecraft:iron_helmet":1,"minecraft:copper_ingot":36,"minecraft:bucket":1,"minecraft:stone_axe":1,"minecraft:air":0,"minecraft:iron_chestplate":1,"minecraft:diamond_pickaxe":1,"minecraft:shield":2,"minecraft:stick":44,"minecraft:iron_ingot":119,"minecraft:iron_pickaxe":1,"minecraft:stone_sword":1,"minecraft:iron_leggings":2,"minecraft:gold_ingot":19,"minecraft:white_bed":1,"minecraft:torch":92},"minecraft:dropped":{"minecraft:water_bucket":1,"minecraft:bread":20,"minecraft:wheat_seeds":1,"minecraft:oak_log":1,"minecraft:glass_bottle":1,"minecraft:diamond":5,"minecraft:dripstone_block":1,"minecraft:crafting_table":1,"minecraft:cooked_porkchop":15,"minecraft:crossbow":1,"minecraft:waxed_copper_grate":4,"minecraft:leather":2,"minecraft:granite":3,"minecraft:heavy_core":1,"minecraft:flint":1,"minecraft:mace":1,"minecraft:diorite":2,"minecraft:scrape_pottery_sherd":1,"minecraft:iron_leggings":2,"minecraft:dead_bush":1,"minecraft:bone_meal":16,"minecraft:iron_axe":1,"minecraft:bolt_armor_trim_smithing_template":1,"minecraft:bone":4,"minecraft:stone_axe":1,"minecraft:sugar_cane":14,"minecraft:iron_nugget":4,"minecraft:cobbled_deepslate":7,"minecraft:tuff":1,"minecraft:pointed_dripstone":1,"minecraft:rotten_flesh":20,"minecraft:oak_planks":26,"minecraft:iron_boots":1,"minecraft:music_disc_creator":1,"minecraft:diamond_sword":2,"minecraft:leather_chestplate":1,"minecraft:tipped_arrow":40,"minecraft:shield":2,"minecraft:gunpowder":2,"minecraft:diamond_chestplate":1,"minecraft:trial_key":1,"minecraft:diamond_pickaxe":2,"minecraft:iron_chestplate":1,"minecraft:breeze_rod":8,"minecraft:spider_eye":4,"minecraft:arrow":51,"minecraft:bow":3,"minecraft:stone_pickaxe":2},"minecraft:picked_up":{"minecraft:iron_chestplate":22,"minecraft:waxed_oxidized_cut_copper":1,"minecraft:crafting_table":9,"minecraft:ominous_bottle":3,"minecraft:chicken":21,"minecraft:golden_pickaxe":1,"minecraft:leather_leggings":8,"minecraft:diamond_sword":13,"minecraft:gold_block":2,"minecraft:potion":1,"minecraft:music_disc_creator":1,"minecraft:brick":338,"minecraft:shield":12,"minecraft:golden_sword":2,"minecraft:amethyst_block":4,"minecraft:wind_charge":65,"minecraft:string":556,"minecraft:raw_copper":425,"minecraft:iron_axe":11,"minecraft:iron_leggings":23,"minecraft:cobbled_deepslate":42,"minecraft:bucket":2,"minecraft:spruce_planks":5,"minecraft:light_weighted_pressure_plate":2,"minecraft:beef":31,"minecraft:trial_key":53,"minecraft:calcite":1,"minecraft:iron_nugget":21,"minecraft:enchanted_golden_apple":1,"minecraft:iron_pickaxe":12,"minecraft:guster_pottery_sherd":1,"minecraft:sugar_cane":98,"minecraft:chest":4,"minecraft:waxed_oxidized_copper":2,"minecraft:iron_boots":15,"minecraft:furnace":22,"minecraft:tipped_arrow":378,"minecraft:golden_helmet":11,"minecraft:raw_iron":103,"minecraft:stick":126,"minecraft:copper_ingot":189,"minecraft:torch":907,"minecraft:porkchop":27,"minecraft:flow_pottery_sherd":3,"minecraft:golden_axe":6,"minecraft:cake":5,"minecraft:mace":7,"minecraft:waxed_copper_grate":25,"minecraft:pointed_dripstone":735,"minecraft:diorite":22,"minecraft:redstone":18,"minecraft:cauldron":3,"minecraft:stone_sword":2,"minecraft:arrow":1727,"minecraft:rotten_flesh":568,"minecraft:honey_bottle":4,"minecraft:diamond_chestplate":7,"minecraft:golden_hoe":1,"minecraft:iron_block":7,"minecraft:gold_ingot":79,"minecraft:tuff_bricks":14,"minecraft:mutton":23,"minecraft:obsidian":26,"minecraft:white_wool":147,"minecraft:cobblestone":172,"minecraft:leather_chestplate":9,"minecraft:feather":236,"minecraft:cooked_beef":12,"minecraft:golden_carrot":2,"minecraft:water_bucket":22,"minecraft:andesite":3,"minecraft:leather":44,"minecraft:golden_leggings":1,"minecraft:flint":8,"minecraft:tuff":1,"minecraft:oak_log":151,"minecraft:waxed_copper_block":16,"minecraft:lily_pad":1,"minecraft:gunpowder":4,"minecraft:lapis_lazuli":417,"minecraft:dirt":5,"minecraft:name_tag":2,"minecraft:cooked_mutton":22,"minecraft:leather_boots":2,"minecraft:bone":291,"minecraft:apple":1,"minecraft:bow":29,"minecraft:wheat_seeds":1,"minecraft:raw_gold":70,"minecraft:iron_ingot":340,"minecraft:stone_pickaxe":5,"minecraft:cooked_chicken":56,"minecraft:bolt_armor_trim_smithing_template":11,"minecraft:glass_bottle":1,"minecraft:honeycomb":30,"minecraft:oak_planks":197,"minecraft:scrape_pottery_sherd":13,"minecraft:smooth_basalt":1,"minecraft:cooked_porkchop":47,"minecraft:bamboo_planks":27,"minecraft:heavy_core":1,"minecraft:spyglass":20,"minecraft:dripstone_block":20,"minecraft:amethyst_shard":94,"minecraft:white_bed":10,"minecraft:crying_obsidian":2,"minecraft:spider_eye":8,"minecraft:polished_tuff":2,"minecraft:stone_axe":8,"minecraft:diamond":212,"minecraft:iron_helmet":10,"minecraft:granite":50,"minecraft:crossbow":18,"minecraft:breeze_rod":81,"minecraft:bone_meal":40,"minecraft:emerald":482,"minecraft:bread":78,"minecraft:baked_potato":12,"minecraft:ominous_trial_key":2,"minecraft:coal":992,"minecraft:diamond_pickaxe":23},"minecraft:killed":{"minecraft:cave_spider":5,"minecraft:witch":1,"minecraft:spider":4,"minecraft:skeleton":14,"minecraft:chicken":9,"minecraft:silverfish":8,"minecraft:husk":37,"minecraft:pig":12,"minecraft:creeper":2,"minecraft:sheep":14,"minecraft:zombie":9,"minecraft:stray":47,"minecraft:breeze":6,"minecraft:cow":3}},"DataVersion":3955}