{"stats":{"minecraft:broken":{"minecraft:golden_helmet":1,"minecraft:iron_leggings":1,"minecraft:stone_pickaxe":2,"minecraft:stone_axe":2,"minecraft:golden_hoe":1,"minecraft:stone_sword":1,"minecraft:shield":2,"minecraft:golden_axe":1,"minecraft:iron_helmet":1},"minecraft:mined":{"minecraft:large_amethyst_bud":2,"minecraft:spruce_planks":3,"minecraft:white_bed":6,"minecraft:sculk_vein":11,"minecraft:obsidian":4,"minecraft:granite":3,"minecraft:grass_block":5,"minecraft:tuff_bricks":8,"minecraft:spawner":2,"minecraft:iron_ore":68,"minecraft:cobbled_deepslate":6,"minecraft:polished_tuff":2,"minecraft:deepslate_lapis_ore":13,"minecraft:pointed_dripstone":35,"minecraft:amethyst_cluster":4,"minecraft:powder_snow":4,"minecraft:calcite":1,"minecraft:chest":3,"minecraft:cobblestone":15,"minecraft:sugar_cane":6,"minecraft:wall_torch":1,"minecraft:amethyst_block":2,"minecraft:cauldron":2,"minecraft:oak_log":111,"minecraft:dirt":1,"minecraft:smooth_basalt":1,"minecraft:netherrack":1,"minecraft:oak_leaves":14,"minecraft:deepslate":42,"minecraft:diamond_ore":1,"minecraft:crying_obsidian":2,"minecraft:tuff":9,"minecraft:deepslate_diamond_ore":41,"minecraft:decorated_pot":14,"minecraft:furnace":16,"minecraft:waxed_copper_grate":6,"minecraft:andesite":3,"minecraft:gold_block":2,"minecraft:deepslate_iron_ore":22,"minecraft:stone":89,"minecraft:crafting_table":9,"minecraft:short_grass":50,"minecraft:sculk_sensor":10,"minecraft:tall_grass":7,"minecraft:copper_ore":18,"minecraft:lapis_ore":5,"minecraft:deepslate_gold_ore":36,"minecraft:lily_pad":1,"minecraft:sculk":345,"minecraft:diorite":4,"minecraft:coal_ore":137,"minecraft:dripstone_block":20,"minecraft:cobweb":19,"minecraft:gold_ore":2},"minecraft:killed_by":{"minecraft:creeper":2,"minecraft:witch":1,"minecraft:zombie":1,"minecraft:husk":6,"minecraft:player":1,"minecraft:stray":12,"minecraft:spider":1,"minecraft:skeleton":1},"minecraft:custom":{"minecraft:interact_with_crafting_table":54,"minecraft:open_barrel":13,"minecraft:leave_game":3,"minecraft:time_since_death":28469,"minecraft:sprint_one_cm":1004362,"minecraft:damage_blocked_by_shield":6021,"minecraft:drop":94,"minecraft:play_time":264977,"minecraft:deaths":28,"minecraft:jump":6612,"minecraft:walk_on_water_one_cm":67789,"minecraft:interact_with_furnace":121,"minecraft:sleep_in_bed":5,"minecraft:damage_dealt":29195,"minecraft:crouch_one_cm":27371,"minecraft:use_cauldron":1,"minecraft:inspect_dispenser":4,"minecraft:mob_kills":194,"minecraft:fill_cauldron":1,"minecraft:climb_one_cm":22481,"minecraft:walk_one_cm":442900,"minecraft:sneak_time":12099,"minecraft:walk_under_water_one_cm":35976,"minecraft:total_world_time":264977,"minecraft:time_since_rest":28495,"minecraft:damage_taken":15554,"minecraft:damage_absorbed":40,"minecraft:swim_one_cm":108201,"minecraft:fly_one_cm":1230985,"minecraft:open_chest":61,"minecraft:fall_one_cm":233781},"minecraft:used":{"minecraft:diamond_hoe":333,"minecraft:chest":4,"minecraft:shield":87,"minecraft:rotten_flesh":21,"minecraft:iron_chestplate":2,"minecraft:waxed_copper_grate":1,"minecraft:tuff":7,"minecraft:milk_bucket":1,"minecraft:honey_bottle":6,"minecraft:iron_helmet":1,"minecraft:golden_sword":14,"minecraft:bow":88,"minecraft:ominous_bottle":1,"minecraft:furnace":17,"minecraft:diorite":4,"minecraft:stone_pickaxe":266,"minecraft:leather_chestplate":2,"minecraft:wooden_pickaxe":3,"minecraft:golden_apple":1,"minecraft:golden_hoe":32,"minecraft:crossbow":54,"minecraft:dripstone_block":20,"minecraft:mace":2,"minecraft:bread":16,"minecraft:golden_helmet":1,"minecraft:diamond_sword":265,"minecraft:andesite":3,"minecraft:golden_pickaxe":2,"minecraft:stone_sword":114,"minecraft:spruce_planks":1,"minecraft:cooked_chicken":23,"minecraft:trial_key":9,"minecraft:torch":59,"minecraft:dirt":5,"minecraft:spyglass":25,"minecraft:granite":2,"minecraft:iron_axe":105,"minecraft:iron_boots":3,"minecraft:smooth_basalt":1,"minecraft:diamond_chestplate":2,"minecraft:golden_carrot":2,"minecraft:cooked_beef":10,"minecraft:cobbled_deepslate":31,"minecraft:golden_axe":17,"minecraft:iron_leggings":2,"minecraft:calcite":1,"minecraft:cooked_mutton":15,"minecraft:water_bucket":100,"minecraft:baked_potato":12,"minecraft:cauldron":1,"minecraft:crafting_table":14,"minecraft:white_bed":7,"minecraft:cake":1,"minecraft:oak_log":5,"minecraft:diamond_pickaxe":163,"minecraft:ominous_trial_key":2,"minecraft:wind_charge":5,"minecraft:iron_pickaxe":214,"minecraft:stone_axe":115,"minecraft:cobblestone":65,"minecraft:potion":1,"minecraft:cooked_porkchop":30,"minecraft:bucket":101},"minecraft:dropped":{"minecraft:oak_log":1,"minecraft:glass_bottle":1,"minecraft:diamond":5,"minecraft:crafting_table":1,"minecraft:cooked_porkchop":15,"minecraft:crossbow":1,"minecraft:leather":2,"minecraft:heavy_core":1,"minecraft:flint":1,"minecraft:mace":1,"minecraft:scrape_pottery_sherd":1,"minecraft:bone_meal":16,"minecraft:bolt_armor_trim_smithing_template":1,"minecraft:bone":8,"minecraft:stone_axe":1,"minecraft:sugar_cane":14,"minecraft:iron_nugget":4,"minecraft:cobbled_deepslate":15,"minecraft:pointed_dripstone":1,"minecraft:rotten_flesh":21,"minecraft:oak_planks":26,"minecraft:music_disc_creator":1,"minecraft:leather_chestplate":1,"minecraft:tipped_arrow":40,"minecraft:gunpowder":4,"minecraft:breeze_rod":8,"minecraft:arrow":57,"minecraft:crying_obsidian":2,"minecraft:netherrack":1,"minecraft:water_bucket":1,"minecraft:bread":20,"minecraft:wheat_seeds":1,"minecraft:dripstone_block":1,"minecraft:cobblestone":1,"minecraft:waxed_copper_grate":4,"minecraft:granite":3,"minecraft:diorite":2,"minecraft:dead_bush":1,"minecraft:iron_leggings":2,"minecraft:iron_axe":1,"minecraft:tuff":2,"minecraft:iron_boots":1,"minecraft:diamond_sword":2,"minecraft:shield":2,"minecraft:trial_key":1,"minecraft:diamond_chestplate":1,"minecraft:iron_chestplate":1,"minecraft:diamond_pickaxe":2,"minecraft:spider_eye":5,"minecraft:bow":3,"minecraft:stone_pickaxe":2},"minecraft:crafted":{"minecraft:oak_planks":80,"minecraft:cooked_chicken":8,"minecraft:cooked_mutton":20,"minecraft:bow":3,"minecraft:iron_boots":3,"minecraft:chest":2,"minecraft:cooked_porkchop":27,"minecraft:crafting_table":6,"minecraft:wooden_pickaxe":1,"minecraft:iron_helmet":1,"minecraft:copper_ingot":36,"minecraft:iron_chestplate":1,"minecraft:diamond_pickaxe":1,"minecraft:shield":3,"minecraft:stick":60,"minecraft:iron_ingot":121,"minecraft:iron_pickaxe":1,"minecraft:stone_sword":1,"minecraft:gold_ingot":37,"minecraft:spyglass":1,"minecraft:diamond_hoe":1,"minecraft:furnace":5,"minecraft:stone_pickaxe":2,"minecraft:cooked_beef":8,"minecraft:diamond_sword":2,"minecraft:bucket":1,"minecraft:stone_axe":1,"minecraft:air":0,"minecraft:iron_leggings":2,"minecraft:white_bed":1,"minecraft:torch":116},"minecraft:picked_up":{"minecraft:iron_chestplate":22,"minecraft:diamond_sword":13,"minecraft:potion":1,"minecraft:golden_sword":2,"minecraft:amethyst_block":4,"minecraft:string":558,"minecraft:raw_copper":425,"minecraft:iron_leggings":23,"minecraft:cobbled_deepslate":73,"minecraft:bucket":2,"minecraft:spruce_planks":5,"minecraft:light_weighted_pressure_plate":2,"minecraft:trial_key":53,"minecraft:calcite":1,"minecraft:iron_pickaxe":12,"minecraft:enchanted_golden_apple":1,"minecraft:furnace":23,"minecraft:iron_boots":15,"minecraft:golden_helmet":11,"minecraft:tipped_arrow":378,"minecraft:stick":126,"minecraft:torch":907,"minecraft:porkchop":27,"minecraft:golden_axe":6,"minecraft:pointed_dripstone":756,"minecraft:waxed_copper_grate":25,"minecraft:diorite":22,"minecraft:cauldron":3,"minecraft:stone_sword":2,"minecraft:honey_bottle":4,"minecraft:rotten_flesh":576,"minecraft:iron_block":7,"minecraft:obsidian":30,"minecraft:cobblestone":174,"minecraft:leather_chestplate":9,"minecraft:feather":236,"minecraft:cooked_beef":12,"minecraft:water_bucket":22,"minecraft:andesite":3,"minecraft:golden_leggings":1,"minecraft:flint":8,"minecraft:tuff":9,"minecraft:lapis_lazuli":439,"minecraft:dirt":5,"minecraft:name_tag":2,"minecraft:leather_boots":2,"minecraft:bone":293,"minecraft:bow":29,"minecraft:wheat_seeds":1,"minecraft:raw_gold":89,"minecraft:bolt_armor_trim_smithing_template":11,"minecraft:scrape_pottery_sherd":13,"minecraft:oak_planks":197,"minecraft:honeycomb":30,"minecraft:cooked_porkchop":47,"minecraft:diamond":232,"minecraft:breeze_rod":81,"minecraft:crossbow":18,"minecraft:granite":50,"minecraft:bone_meal":40,"minecraft:bread":78,"minecraft:emerald":482,"minecraft:ominous_trial_key":2,"minecraft:netherrack":1,"minecraft:diamond_pickaxe":23,"minecraft:waxed_oxidized_cut_copper":1,"minecraft:crafting_table":11,"minecraft:ominous_bottle":3,"minecraft:chicken":21,"minecraft:leather_leggings":8,"minecraft:golden_pickaxe":1,"minecraft:gold_block":2,"minecraft:music_disc_creator":1,"minecraft:shield":12,"minecraft:brick":338,"minecraft:wind_charge":65,"minecraft:iron_axe":11,"minecraft:beef":31,"minecraft:iron_nugget":21,"minecraft:guster_pottery_sherd":1,"minecraft:sugar_cane":98,"minecraft:chest":4,"minecraft:waxed_oxidized_copper":2,"minecraft:raw_iron":105,"minecraft:copper_ingot":189,"minecraft:flow_pottery_sherd":3,"minecraft:mace":7,"minecraft:cake":5,"minecraft:redstone":19,"minecraft:arrow":1731,"minecraft:diamond_chestplate":7,"minecraft:golden_hoe":1,"minecraft:gold_ingot":79,"minecraft:tuff_bricks":14,"minecraft:mutton":23,"minecraft:white_wool":147,"minecraft:golden_carrot":2,"minecraft:glow_ink_sac":2,"minecraft:leather":44,"minecraft:oak_log":151,"minecraft:waxed_copper_block":16,"minecraft:lily_pad":1,"minecraft:gunpowder":6,"minecraft:cooked_mutton":22,"minecraft:apple":1,"minecraft:iron_ingot":340,"minecraft:stone_pickaxe":5,"minecraft:cooked_chicken":56,"minecraft:glass_bottle":1,"minecraft:smooth_basalt":1,"minecraft:bamboo_planks":27,"minecraft:heavy_core":1,"minecraft:spyglass":20,"minecraft:dripstone_block":30,"minecraft:amethyst_shard":94,"minecraft:white_bed":10,"minecraft:crying_obsidian":2,"minecraft:polished_tuff":2,"minecraft:spider_eye":9,"minecraft:stone_axe":8,"minecraft:iron_helmet":10,"minecraft:baked_potato":12,"minecraft:coal":998,"minecraft:ender_pearl":1},"minecraft:killed":{"minecraft:cave_spider":5,"minecraft:witch":1,"minecraft:spider":5,"minecraft:skeleton":18,"minecraft:chicken":9,"minecraft:silverfish":8,"minecraft:pig":12,"minecraft:creeper":3,"minecraft:sheep":14,"minecraft:zombie":18,"minecraft:stray":47,"minecraft:cow":3,"minecraft:husk":37,"minecraft:breeze":6,"minecraft:enderman":1}},"DataVersion":3955}