{"stats":{"minecraft:broken":{"minecraft:golden_helmet":1,"minecraft:iron_leggings":1,"minecraft:stone_pickaxe":2,"minecraft:stone_axe":2,"minecraft:golden_hoe":1,"minecraft:stone_sword":1,"minecraft:shield":2,"minecraft:golden_axe":1,"minecraft:leather_boots":1,"minecraft:iron_helmet":1},"minecraft:mined":{"minecraft:large_amethyst_bud":2,"minecraft:spruce_planks":3,"minecraft:white_bed":7,"minecraft:sculk_vein":42,"minecraft:obsidian":10,"minecraft:granite":3,"minecraft:grass_block":8,"minecraft:tuff_bricks":8,"minecraft:spawner":2,"minecraft:magma_block":5,"minecraft:sculk_catalyst":3,"minecraft:iron_ore":68,"minecraft:cobbled_deepslate":12,"minecraft:polished_tuff":2,"minecraft:deepslate_lapis_ore":19,"minecraft:pointed_dripstone":36,"minecraft:tripwire":4,"minecraft:amethyst_cluster":4,"minecraft:powder_snow":4,"minecraft:calcite":1,"minecraft:chest":3,"minecraft:cobblestone":15,"minecraft:sugar_cane":52,"minecraft:oak_planks":2,"minecraft:wall_torch":3,"minecraft:amethyst_block":2,"minecraft:cauldron":2,"minecraft:tnt":2,"minecraft:oak_log":111,"minecraft:sand":168,"minecraft:dirt":4,"minecraft:smooth_basalt":1,"minecraft:netherrack":4,"minecraft:oak_leaves":14,"minecraft:deepslate":78,"minecraft:diamond_ore":1,"minecraft:crying_obsidian":4,"minecraft:tuff":9,"minecraft:deepslate_diamond_ore":42,"minecraft:dark_oak_log":3,"minecraft:decorated_pot":26,"minecraft:furnace":16,"minecraft:carrots":2,"minecraft:waxed_copper_grate":6,"minecraft:andesite":3,"minecraft:gold_block":5,"minecraft:deepslate_iron_ore":30,"minecraft:stone":89,"minecraft:crafting_table":9,"minecraft:short_grass":110,"minecraft:sculk_sensor":16,"minecraft:tall_grass":34,"minecraft:copper_ore":18,"minecraft:lapis_ore":5,"minecraft:deepslate_gold_ore":36,"minecraft:lily_pad":1,"minecraft:sculk":1069,"minecraft:diorite":4,"minecraft:bee_nest":1,"minecraft:coal_ore":137,"minecraft:gravel":36,"minecraft:dripstone_block":20,"minecraft:cobweb":25,"minecraft:gold_ore":2},"minecraft:killed_by":{"minecraft:creeper":2,"minecraft:witch":1,"minecraft:zombie":1,"minecraft:husk":6,"minecraft:player":1,"minecraft:stray":12,"minecraft:spider":1,"minecraft:skeleton":1},"minecraft:custom":{"minecraft:interact_with_crafting_table":66,"minecraft:open_barrel":27,"minecraft:bell_ring":1,"minecraft:leave_game":6,"minecraft:time_since_death":29581,"minecraft:sprint_one_cm":1378524,"minecraft:damage_blocked_by_shield":7617,"minecraft:drop":124,"minecraft:talked_to_villager":1,"minecraft:play_time":390667,"minecraft:deaths":30,"minecraft:jump":9129,"minecraft:walk_on_water_one_cm":88849,"minecraft:interact_with_furnace":126,"minecraft:sleep_in_bed":10,"minecraft:damage_dealt":39120,"minecraft:crouch_one_cm":34816,"minecraft:interact_with_smoker":12,"minecraft:use_cauldron":1,"minecraft:inspect_dispenser":4,"minecraft:mob_kills":264,"minecraft:fill_cauldron":1,"minecraft:climb_one_cm":31664,"minecraft:walk_one_cm":644680,"minecraft:sneak_time":15514,"minecraft:walk_under_water_one_cm":60280,"minecraft:boat_one_cm":31544,"minecraft:interact_with_blast_furnace":15,"minecraft:total_world_time":390667,"minecraft:time_since_rest":28100,"minecraft:damage_taken":19369,"minecraft:damage_absorbed":40,"minecraft:swim_one_cm":184735,"minecraft:fly_one_cm":1759818,"minecraft:open_chest":106,"minecraft:fall_one_cm":313990},"minecraft:used":{"minecraft:iron_shovel":168,"minecraft:diamond_hoe":1119,"minecraft:chest":4,"minecraft:shield":116,"minecraft:rotten_flesh":21,"minecraft:iron_chestplate":2,"minecraft:carrot":13,"minecraft:waxed_copper_grate":1,"minecraft:tuff":7,"minecraft:snowball":21,"minecraft:obsidian":6,"minecraft:honey_bottle":6,"minecraft:milk_bucket":1,"minecraft:iron_helmet":1,"minecraft:golden_sword":14,"minecraft:bow":88,"minecraft:dark_oak_boat":1,"minecraft:ominous_bottle":1,"minecraft:furnace":18,"minecraft:cooked_cod":3,"minecraft:diorite":4,"minecraft:stone_pickaxe":266,"minecraft:oak_planks":4,"minecraft:ender_pearl":1,"minecraft:wooden_pickaxe":3,"minecraft:leather_chestplate":2,"minecraft:sugar_cane":21,"minecraft:golden_apple":1,"minecraft:golden_hoe":32,"minecraft:sand":10,"minecraft:crossbow":70,"minecraft:dripstone_block":20,"minecraft:crying_obsidian":1,"minecraft:mace":3,"minecraft:bread":20,"minecraft:gravel":31,"minecraft:golden_helmet":1,"minecraft:diamond_sword":431,"minecraft:andesite":3,"minecraft:bone_meal":6,"minecraft:golden_pickaxe":7,"minecraft:enchanting_table":1,"minecraft:stone_sword":114,"minecraft:flint_and_steel":57,"minecraft:spruce_planks":1,"minecraft:cooked_salmon":2,"minecraft:cooked_chicken":24,"minecraft:trial_key":11,"minecraft:torch":71,"minecraft:dirt":13,"minecraft:spyglass":25,"minecraft:granite":2,"minecraft:light_weighted_pressure_plate":2,"minecraft:iron_axe":110,"minecraft:iron_boots":3,"minecraft:smooth_basalt":1,"minecraft:diamond_chestplate":2,"minecraft:golden_carrot":2,"minecraft:cooked_beef":10,"minecraft:cobbled_deepslate":56,"minecraft:golden_axe":17,"minecraft:iron_leggings":2,"minecraft:calcite":1,"minecraft:cooked_mutton":31,"minecraft:water_bucket":141,"minecraft:baked_potato":16,"minecraft:cauldron":1,"minecraft:tnt":66,"minecraft:crafting_table":15,"minecraft:white_bed":7,"minecraft:cake":1,"minecraft:oak_log":5,"minecraft:diamond_pickaxe":240,"minecraft:ominous_trial_key":3,"minecraft:wind_charge":8,"minecraft:iron_pickaxe":214,"minecraft:stone_axe":115,"minecraft:cobblestone":65,"minecraft:potion":2,"minecraft:cooked_porkchop":47,"minecraft:bucket":142},"minecraft:crafted":{"minecraft:oak_planks":84,"minecraft:dark_oak_boat":1,"minecraft:cooked_chicken":8,"minecraft:cooked_mutton":31,"minecraft:bow":3,"minecraft:iron_boots":3,"minecraft:chest":2,"minecraft:cooked_porkchop":51,"minecraft:crafting_table":7,"minecraft:spruce_planks":64,"minecraft:wooden_pickaxe":1,"minecraft:iron_helmet":1,"minecraft:copper_ingot":36,"minecraft:book":2,"minecraft:iron_chestplate":1,"minecraft:paper":21,"minecraft:diamond_pickaxe":1,"minecraft:shield":4,"minecraft:stick":72,"minecraft:iron_ingot":130,"minecraft:iron_pickaxe":1,"minecraft:stone_sword":1,"minecraft:gold_ingot":64,"minecraft:spyglass":1,"minecraft:diamond_hoe":1,"minecraft:furnace":5,"minecraft:bone_meal":6,"minecraft:flint_and_steel":1,"minecraft:stone_pickaxe":2,"minecraft:dark_oak_planks":12,"minecraft:cooked_beef":8,"minecraft:diamond_sword":2,"minecraft:enchanting_table":1,"minecraft:bucket":1,"minecraft:dark_oak_button":1,"minecraft:stone_axe":1,"minecraft:air":0,"minecraft:iron_shovel":1,"minecraft:iron_leggings":2,"minecraft:white_bed":1,"minecraft:torch":116},"minecraft:dropped":{"minecraft:guster_pottery_sherd":3,"minecraft:lapis_lazuli":64,"minecraft:oak_log":1,"minecraft:glass_bottle":2,"minecraft:diamond":5,"minecraft:crafting_table":2,"minecraft:cooked_porkchop":15,"minecraft:crossbow":1,"minecraft:leather":2,"minecraft:dark_oak_button":1,"minecraft:heavy_core":1,"minecraft:flint":1,"minecraft:dirt":19,"minecraft:mace":1,"minecraft:scrape_pottery_sherd":3,"minecraft:snowball":32,"minecraft:bone_meal":16,"minecraft:bolt_armor_trim_smithing_template":1,"minecraft:bone":11,"minecraft:gravel":3,"minecraft:stone_axe":1,"minecraft:sugar_cane":14,"minecraft:iron_nugget":4,"minecraft:cobbled_deepslate":23,"minecraft:pointed_dripstone":1,"minecraft:rotten_flesh":25,"minecraft:oak_planks":26,"minecraft:cooked_mutton":2,"minecraft:music_disc_creator":1,"minecraft:leather_chestplate":1,"minecraft:tipped_arrow":40,"minecraft:gunpowder":4,"minecraft:breeze_rod":8,"minecraft:spruce_slab":9,"minecraft:arrow":57,"minecraft:crying_obsidian":2,"minecraft:netherrack":1,"minecraft:water_bucket":1,"minecraft:bread":20,"minecraft:wheat_seeds":10,"minecraft:tnt":1,"minecraft:dripstone_block":2,"minecraft:cobblestone":1,"minecraft:waxed_copper_grate":4,"minecraft:granite":3,"minecraft:spruce_door":1,"minecraft:spruce_stairs":3,"minecraft:diorite":2,"minecraft:iron_leggings":2,"minecraft:dead_bush":1,"minecraft:iron_axe":1,"minecraft:tuff":2,"minecraft:light_gray_wool":1,"minecraft:iron_boots":2,"minecraft:diamond_sword":2,"minecraft:shield":2,"minecraft:trial_key":1,"minecraft:diamond_chestplate":1,"minecraft:iron_chestplate":1,"minecraft:diamond_pickaxe":2,"minecraft:spider_eye":9,"minecraft:bow":4,"minecraft:stone_pickaxe":2,"minecraft:magma_block":5,"minecraft:black_wool":1},"minecraft:picked_up":{"minecraft:iron_chestplate":22,"minecraft:diamond_sword":15,"minecraft:enchanted_book":1,"minecraft:potion":3,"minecraft:golden_sword":2,"minecraft:amethyst_block":4,"minecraft:string":575,"minecraft:raw_copper":425,"minecraft:cooked_salmon":2,"minecraft:iron_leggings":23,"minecraft:cobbled_deepslate":114,"minecraft:bucket":2,"minecraft:spruce_planks":91,"minecraft:light_weighted_pressure_plate":2,"minecraft:trial_key":54,"minecraft:calcite":1,"minecraft:iron_pickaxe":12,"minecraft:enchanted_golden_apple":1,"minecraft:furnace":23,"minecraft:iron_boots":15,"minecraft:tipped_arrow":466,"minecraft:golden_helmet":11,"minecraft:stick":126,"minecraft:torch":1011,"minecraft:spruce_stairs":3,"minecraft:porkchop":51,"minecraft:golden_axe":6,"minecraft:waxed_copper_grate":25,"minecraft:pointed_dripstone":758,"minecraft:diorite":22,"minecraft:cauldron":3,"minecraft:stone_sword":2,"minecraft:honey_bottle":4,"minecraft:rotten_flesh":607,"minecraft:iron_block":7,"minecraft:obsidian":36,"minecraft:snowball":53,"minecraft:cobblestone":174,"minecraft:magma_block":5,"minecraft:leather_chestplate":9,"minecraft:feather":236,"minecraft:cooked_beef":12,"minecraft:water_bucket":24,"minecraft:andesite":3,"minecraft:golden_leggings":3,"minecraft:potato":13,"minecraft:flint":9,"minecraft:tuff":9,"minecraft:lapis_lazuli":525,"minecraft:dirt":71,"minecraft:name_tag":2,"minecraft:leather_boots":3,"minecraft:bone":313,"minecraft:bow":32,"minecraft:wheat_seeds":11,"minecraft:raw_gold":89,"minecraft:bolt_armor_trim_smithing_template":11,"minecraft:scrape_pottery_sherd":15,"minecraft:oak_planks":199,"minecraft:honeycomb":30,"minecraft:cooked_porkchop":59,"minecraft:sand":385,"minecraft:stripped_spruce_log":32,"minecraft:dark_oak_log":3,"minecraft:diamond":235,"minecraft:granite":50,"minecraft:crossbow":20,"minecraft:breeze_rod":87,"minecraft:bone_meal":40,"minecraft:golden_apple":1,"minecraft:emerald":520,"minecraft:bread":78,"minecraft:netherrack":4,"minecraft:ominous_trial_key":3,"minecraft:diamond_pickaxe":25,"minecraft:waxed_oxidized_cut_copper":1,"minecraft:crafting_table":12,"minecraft:ominous_bottle":4,"minecraft:chicken":21,"minecraft:leather_leggings":8,"minecraft:golden_pickaxe":3,"minecraft:gold_block":5,"minecraft:music_disc_creator":1,"minecraft:brick":381,"minecraft:shield":15,"minecraft:wind_charge":68,"minecraft:iron_axe":13,"minecraft:flint_and_steel":3,"minecraft:beef":32,"minecraft:iron_nugget":57,"minecraft:spruce_slab":9,"minecraft:light_gray_wool":1,"minecraft:guster_pottery_sherd":4,"minecraft:sugar_cane":180,"minecraft:chest":4,"minecraft:waxed_oxidized_copper":2,"minecraft:raw_iron":113,"minecraft:copper_ingot":189,"minecraft:flow_pottery_sherd":3,"minecraft:cake":5,"minecraft:mace":7,"minecraft:carrot":9,"minecraft:redstone":24,"minecraft:music_disc_creator_music_box":1,"minecraft:tnt":18,"minecraft:arrow":1770,"minecraft:diamond_chestplate":10,"minecraft:golden_hoe":1,"minecraft:gold_ingot":79,"minecraft:tuff_bricks":14,"minecraft:mutton":34,"minecraft:white_wool":153,"minecraft:golden_carrot":4,"minecraft:glow_ink_sac":2,"minecraft:leather":46,"minecraft:oak_log":151,"minecraft:waxed_copper_block":16,"minecraft:lily_pad":1,"minecraft:gunpowder":6,"minecraft:cooked_mutton":24,"minecraft:apple":1,"minecraft:iron_ingot":342,"minecraft:stone_pickaxe":5,"minecraft:cooked_chicken":57,"minecraft:glass_bottle":1,"minecraft:smooth_basalt":1,"minecraft:bamboo_planks":27,"minecraft:heavy_core":2,"minecraft:spyglass":20,"minecraft:dripstone_block":31,"minecraft:gravel":34,"minecraft:amethyst_shard":94,"minecraft:white_bed":11,"minecraft:spruce_door":1,"minecraft:crying_obsidian":5,"minecraft:polished_tuff":2,"minecraft:spider_eye":15,"minecraft:leather_helmet":2,"minecraft:stone_axe":8,"minecraft:iron_helmet":10,"minecraft:baked_potato":22,"minecraft:black_wool":1,"minecraft:coal":1002,"minecraft:ender_pearl":1},"minecraft:killed":{"minecraft:cave_spider":5,"minecraft:witch":2,"minecraft:spider":17,"minecraft:skeleton":33,"minecraft:chicken":9,"minecraft:silverfish":8,"minecraft:pig":23,"minecraft:zombie_villager":1,"minecraft:creeper":3,"minecraft:sheep":22,"minecraft:zombie":31,"minecraft:stray":48,"minecraft:cow":4,"minecraft:husk":37,"minecraft:squid":3,"minecraft:breeze":10,"minecraft:enderman":1}},"DataVersion":3955}