{"stats":{"minecraft:broken":{"minecraft:stone_sword":1,"minecraft:stone_pickaxe":2,"minecraft:stone_axe":1},"minecraft:mined":{"minecraft:large_amethyst_bud":2,"minecraft:tuff":1,"minecraft:spruce_planks":3,"minecraft:white_bed":1,"minecraft:deepslate_diamond_ore":12,"minecraft:granite":3,"minecraft:grass_block":1,"minecraft:spawner":2,"minecraft:furnace":10,"minecraft:iron_ore":68,"minecraft:andesite":3,"minecraft:deepslate_lapis_ore":7,"minecraft:pointed_dripstone":24,"minecraft:deepslate_iron_ore":20,"minecraft:stone":87,"minecraft:amethyst_cluster":4,"minecraft:crafting_table":6,"minecraft:short_grass":17,"minecraft:calcite":1,"minecraft:chest":1,"minecraft:copper_ore":18,"minecraft:cobblestone":9,"minecraft:lily_pad":1,"minecraft:lapis_ore":5,"minecraft:deepslate_gold_ore":19,"minecraft:sugar_cane":6,"minecraft:diorite":2,"minecraft:wall_torch":1,"minecraft:amethyst_block":2,"minecraft:cauldron":1,"minecraft:oak_log":24,"minecraft:coal_ore":130,"minecraft:dripstone_block":10,"minecraft:dirt":1,"minecraft:cobweb":19,"minecraft:smooth_basalt":1,"minecraft:deepslate":7},"minecraft:killed_by":{"minecraft:creeper":1,"minecraft:skeleton":1,"minecraft:witch":1,"minecraft:zombie":1},"minecraft:custom":{"minecraft:mob_kills":50,"minecraft:interact_with_crafting_table":25,"minecraft:leave_game":1,"minecraft:time_since_death":1162,"minecraft:climb_one_cm":528,"minecraft:sprint_one_cm":318219,"minecraft:walk_one_cm":130609,"minecraft:damage_blocked_by_shield":2703,"minecraft:drop":6,"minecraft:play_time":95817,"minecraft:deaths":4,"minecraft:sneak_time":6528,"minecraft:walk_under_water_one_cm":10923,"minecraft:jump":2435,"minecraft:walk_on_water_one_cm":22940,"minecraft:total_world_time":95817,"minecraft:interact_with_furnace":65,"minecraft:sleep_in_bed":3,"minecraft:time_since_rest":1367,"minecraft:damage_taken":3661,"minecraft:damage_dealt":7903,"minecraft:swim_one_cm":60571,"minecraft:fly_one_cm":442453,"minecraft:open_chest":6,"minecraft:crouch_one_cm":15008,"minecraft:fall_one_cm":89352},"minecraft:used":{"minecraft:stone_sword":114,"minecraft:chest":1,"minecraft:spruce_planks":1,"minecraft:shield":38,"minecraft:cooked_chicken":7,"minecraft:rotten_flesh":1,"minecraft:torch":43,"minecraft:dirt":1,"minecraft:granite":1,"minecraft:iron_boots":1,"minecraft:smooth_basalt":1,"minecraft:furnace":11,"minecraft:cooked_beef":5,"minecraft:cobbled_deepslate":6,"minecraft:calcite":1,"minecraft:cooked_mutton":15,"minecraft:water_bucket":15,"minecraft:diorite":2,"minecraft:stone_pickaxe":263,"minecraft:wooden_pickaxe":3,"minecraft:crafting_table":8,"minecraft:white_bed":1,"minecraft:dripstone_block":10,"minecraft:iron_pickaxe":187,"minecraft:golden_helmet":1,"minecraft:stone_axe":83,"minecraft:cobblestone":62,"minecraft:cooked_porkchop":10,"minecraft:bucket":16,"minecraft:andesite":3},"minecraft:dropped":{"minecraft:stone_axe":1,"minecraft:iron_nugget":4,"minecraft:cobbled_deepslate":1,"minecraft:tuff":1,"minecraft:spider_eye":4,"minecraft:arrow":1},"minecraft:crafted":{"minecraft:oak_planks":36,"minecraft:cooked_chicken":7,"minecraft:furnace":3,"minecraft:cooked_mutton":15,"minecraft:iron_boots":1,"minecraft:stone_pickaxe":2,"minecraft:cooked_beef":5,"minecraft:diamond_sword":1,"minecraft:cooked_porkchop":9,"minecraft:crafting_table":2,"minecraft:wooden_pickaxe":1,"minecraft:copper_ingot":1,"minecraft:bucket":1,"minecraft:stone_axe":1,"minecraft:air":0,"minecraft:iron_chestplate":1,"minecraft:diamond_pickaxe":1,"minecraft:shield":1,"minecraft:stick":36,"minecraft:iron_ingot":71,"minecraft:iron_pickaxe":1,"minecraft:stone_sword":1,"minecraft:iron_leggings":1,"minecraft:white_bed":1,"minecraft:torch":88},"minecraft:picked_up":{"minecraft:iron_chestplate":3,"minecraft:crafting_table":8,"minecraft:chicken":17,"minecraft:diamond_sword":1,"minecraft:shield":3,"minecraft:amethyst_block":4,"minecraft:string":65,"minecraft:raw_copper":337,"minecraft:iron_leggings":3,"minecraft:cobbled_deepslate":10,"minecraft:spruce_planks":5,"minecraft:beef":10,"minecraft:calcite":1,"minecraft:iron_nugget":21,"minecraft:iron_pickaxe":2,"minecraft:sugar_cane":28,"minecraft:chest":2,"minecraft:furnace":13,"minecraft:iron_boots":2,"minecraft:golden_helmet":4,"minecraft:stick":3,"minecraft:raw_iron":103,"minecraft:torch":107,"minecraft:porkchop":9,"minecraft:golden_axe":4,"minecraft:pointed_dripstone":161,"minecraft:diorite":2,"minecraft:redstone":8,"minecraft:cauldron":2,"minecraft:stone_sword":2,"minecraft:arrow":23,"minecraft:rotten_flesh":12,"minecraft:gold_ingot":8,"minecraft:mutton":18,"minecraft:obsidian":8,"minecraft:white_wool":38,"minecraft:cobblestone":121,"minecraft:feather":59,"minecraft:cooked_beef":5,"minecraft:water_bucket":3,"minecraft:andesite":3,"minecraft:leather":10,"minecraft:tuff":1,"minecraft:oak_log":63,"minecraft:lily_pad":1,"minecraft:lapis_lazuli":173,"minecraft:dirt":1,"minecraft:cooked_mutton":22,"minecraft:bone":30,"minecraft:raw_gold":53,"minecraft:cooked_chicken":6,"minecraft:stone_pickaxe":3,"minecraft:iron_ingot":6,"minecraft:oak_planks":8,"minecraft:smooth_basalt":1,"minecraft:cooked_porkchop":22,"minecraft:dripstone_block":18,"minecraft:amethyst_shard":48,"minecraft:white_bed":5,"minecraft:spider_eye":8,"minecraft:diamond":16,"minecraft:stone_axe":5,"minecraft:granite":7,"minecraft:coal":525},"minecraft:killed":{"minecraft:cave_spider":5,"minecraft:witch":1,"minecraft:spider":1,"minecraft:skeleton":10,"minecraft:chicken":7,"minecraft:pig":4,"minecraft:sheep":10,"minecraft:zombie":7,"minecraft:cow":2}},"DataVersion":3955}