{"stats":{"minecraft:broken":{"minecraft:shield":2,"minecraft:iron_helmet":1},"minecraft:mined":{"minecraft:white_bed":2,"minecraft:granite":5,"minecraft:grass_block":11,"minecraft:chiseled_tuff_bricks":3,"minecraft:tuff_bricks":8,"minecraft:iron_ore":34,"minecraft:cobbled_deepslate":3,"minecraft:fire":2,"minecraft:polished_tuff":1,"minecraft:deepslate_lapis_ore":4,"minecraft:pointed_dripstone":3,"minecraft:deepslate_redstone_ore":2,"minecraft:powder_snow":6,"minecraft:calcite":1,"minecraft:cobblestone":2,"minecraft:sugar_cane":9,"minecraft:oak_planks":1,"minecraft:cauldron":2,"minecraft:jukebox":1,"minecraft:waxed_copper_block":8,"minecraft:oak_log":13,"minecraft:waxed_oxidized_copper":2,"minecraft:dirt":11,"minecraft:smooth_basalt":1,"minecraft:stonecutter":1,"minecraft:deepslate":57,"minecraft:tuff":3,"minecraft:deepslate_diamond_ore":36,"minecraft:glow_lichen":1,"minecraft:decorated_pot":30,"minecraft:waxed_oxidized_cut_copper":1,"minecraft:furnace":1,"minecraft:waxed_copper_grate":4,"minecraft:deepslate_iron_ore":24,"minecraft:stone":42,"minecraft:redstone_block":1,"minecraft:crafting_table":7,"minecraft:short_grass":15,"minecraft:tall_grass":2,"minecraft:lapis_ore":6,"minecraft:deepslate_gold_ore":2,"minecraft:diorite":2,"minecraft:black_wool":1,"minecraft:coal_ore":74,"minecraft:gravel":3,"minecraft:dripstone_block":2,"minecraft:cobweb":15},"minecraft:killed_by":{"minecraft:creeper":3,"minecraft:silverfish":1,"minecraft:husk":2,"minecraft:stray":4},"minecraft:custom":{"minecraft:interact_with_crafting_table":33,"minecraft:open_barrel":31,"minecraft:eat_cake_slice":2,"minecraft:leave_game":5,"minecraft:time_since_death":225702,"minecraft:sprint_one_cm":1061977,"minecraft:damage_blocked_by_shield":7797,"minecraft:drop":130,"minecraft:talked_to_villager":8,"minecraft:play_time":388767,"minecraft:deaths":12,"minecraft:jump":6566,"minecraft:walk_on_water_one_cm":34626,"minecraft:enchant_item":7,"minecraft:interact_with_furnace":27,"minecraft:play_record":5,"minecraft:sleep_in_bed":7,"minecraft:damage_dealt":41068,"minecraft:player_kills":1,"minecraft:crouch_one_cm":10243,"minecraft:inspect_dispenser":6,"minecraft:interact_with_smithing_table":3,"minecraft:mob_kills":266,"minecraft:climb_one_cm":31204,"minecraft:walk_one_cm":820429,"minecraft:sneak_time":6593,"minecraft:walk_under_water_one_cm":22426,"minecraft:boat_one_cm":40979,"minecraft:interact_with_blast_furnace":4,"minecraft:total_world_time":388767,"minecraft:pot_flower":14,"minecraft:interact_with_stonecutter":1,"minecraft:time_since_rest":12940,"minecraft:damage_taken":10976,"minecraft:damage_absorbed":80,"minecraft:swim_one_cm":36996,"minecraft:fly_one_cm":2535919,"minecraft:open_chest":88,"minecraft:fall_one_cm":189823},"minecraft:used":{"minecraft:tuff_bricks":3,"minecraft:spruce_slab":77,"minecraft:decorated_pot":1,"minecraft:chest":154,"minecraft:shield":112,"minecraft:stone":725,"minecraft:iron_sword":202,"minecraft:zombie_spawn_egg":1,"minecraft:bell":1,"minecraft:rotten_flesh":1,"minecraft:carrot":1,"minecraft:waxed_copper_grate":6,"minecraft:tuff":1,"minecraft:tipped_arrow":1,"minecraft:lantern":18,"minecraft:grass_block":601,"minecraft:iron_helmet":2,"minecraft:stone_brick_stairs":68,"minecraft:stone_bricks":441,"minecraft:item_frame":56,"minecraft:golden_sword":8,"minecraft:red_carpet":23,"minecraft:bow":20,"minecraft:ominous_bottle":3,"minecraft:furnace":16,"minecraft:egg":1,"minecraft:potato":17,"minecraft:diorite":2,"minecraft:spruce_door":5,"minecraft:stone_pickaxe":15,"minecraft:oak_planks":145,"minecraft:wooden_pickaxe":15,"minecraft:redstone_block":2,"minecraft:sugar_cane":6,"minecraft:oak_leaves":40,"minecraft:golden_apple":3,"minecraft:blast_furnace":6,"minecraft:sponge":15,"minecraft:dripstone_block":3,"minecraft:polished_tuff":1,"minecraft:crying_obsidian":1,"minecraft:breeze_spawn_egg":6,"minecraft:bread":23,"minecraft:iron_door":6,"minecraft:gravel":1,"minecraft:chiseled_tuff_bricks":3,"minecraft:diamond_sword":430,"minecraft:smithing_table":3,"minecraft:oak_boat":1,"minecraft:bone_meal":12,"minecraft:waxed_copper_bulb":2,"minecraft:oak_trapdoor":6,"minecraft:stone_sword":1,"minecraft:flint_and_steel":1,"minecraft:spruce_planks":14,"minecraft:stone_hoe":73,"minecraft:cooked_chicken":1,"minecraft:trial_key":12,"minecraft:torch":2,"minecraft:dirt":127,"minecraft:white_carpet":14,"minecraft:spruce_stairs":76,"minecraft:stone_brick_slab":13,"minecraft:iron_axe":6,"minecraft:iron_boots":1,"minecraft:barrel":52,"minecraft:smooth_basalt":1,"minecraft:diamond_chestplate":1,"minecraft:golden_carrot":4,"minecraft:cooked_beef":19,"minecraft:cobbled_deepslate":55,"minecraft:pointed_dripstone":14,"minecraft:iron_leggings":1,"minecraft:calcite":1,"minecraft:wheat_seeds":5,"minecraft:cobblestone_stairs":109,"minecraft:snow_block":4,"minecraft:baked_potato":63,"minecraft:cauldron":3,"minecraft:stonecutter":1,"minecraft:waxed_copper_block":2,"minecraft:glow_item_frame":4,"minecraft:tnt":1,"minecraft:crafting_table":14,"minecraft:white_bed":25,"minecraft:smoker":6,"minecraft:oak_log":142,"minecraft:flower_pot":14,"minecraft:diamond_pickaxe":95,"minecraft:black_wool":1,"minecraft:ominous_trial_key":3,"minecraft:wind_charge":43,"minecraft:oak_button":5,"minecraft:iron_pickaxe":213,"minecraft:spruce_trapdoor":35,"minecraft:stone_axe":76,"minecraft:cobblestone":80,"minecraft:potion":1,"minecraft:cooked_porkchop":15,"minecraft:glass_pane":6,"minecraft:jukebox":2},"minecraft:dropped":{"minecraft:ominous_bottle":1,"minecraft:lapis_lazuli":50,"minecraft:cooked_beef":3,"minecraft:baked_potato":2,"minecraft:diamond":37,"minecraft:crafting_table":3,"minecraft:cooked_porkchop":7,"minecraft:crossbow":1,"minecraft:leather_helmet":1,"minecraft:flint":1,"minecraft:mace":2,"minecraft:scrape_pottery_sherd":2,"minecraft:bone_meal":8,"minecraft:bolt_armor_trim_smithing_template":1,"minecraft:iron_pickaxe":1,"minecraft:bone":37,"minecraft:gold_ingot":30,"minecraft:stone_axe":1,"minecraft:sugar_cane":12,"minecraft:pointed_dripstone":4,"minecraft:rotten_flesh":50,"minecraft:oak_planks":27,"minecraft:leather_chestplate":1,"minecraft:tipped_arrow":134,"minecraft:gunpowder":2,"minecraft:leather_boots":2,"minecraft:arrow":193,"minecraft:crying_obsidian":1,"minecraft:egg":1,"minecraft:stone_hoe":1,"minecraft:iron_ingot":6,"minecraft:dripstone_block":2,"minecraft:ominous_trial_key":5,"minecraft:coal":12,"minecraft:flow_armor_trim_smithing_template":2,"minecraft:stick":1,"minecraft:torch":96,"minecraft:cooked_salmon":2,"minecraft:waxed_oxidized_copper":1,"minecraft:potion":2,"minecraft:iron_leggings":4,"minecraft:string":2,"minecraft:dandelion":6,"minecraft:bamboo_planks":6,"minecraft:flow_pottery_sherd":1,"minecraft:iron_boots":3,"minecraft:diamond_sword":2,"minecraft:trial_key":8,"minecraft:diamond_chestplate":1,"minecraft:iron_chestplate":1,"minecraft:diamond_pickaxe":2,"minecraft:golden_leggings":1,"minecraft:waxed_oxidized_cut_copper":1,"minecraft:golden_sword":1,"minecraft:spider_eye":2,"minecraft:bow":5},"minecraft:crafted":{"minecraft:oak_planks":116,"minecraft:cooked_chicken":10,"minecraft:mace":1,"minecraft:iron_boots":2,"minecraft:diamond_leggings":1,"minecraft:diamond_helmet":1,"minecraft:bow":2,"minecraft:stone_hoe":1,"minecraft:emerald":9,"minecraft:cooked_porkchop":8,"minecraft:diamond_axe":1,"minecraft:crafting_table":2,"minecraft:wooden_pickaxe":1,"minecraft:iron_helmet":2,"minecraft:iron_chestplate":1,"minecraft:diamond_pickaxe":1,"minecraft:shield":4,"minecraft:stick":20,"minecraft:iron_ingot":4,"minecraft:iron_pickaxe":1,"minecraft:gold_ingot":2,"minecraft:jukebox":1,"minecraft:wind_charge":48,"minecraft:furnace":1,"minecraft:stone_pickaxe":1,"minecraft:diamond_boots":1,"minecraft:redstone_block":1,"minecraft:cooked_beef":21,"minecraft:diamond_sword":1,"minecraft:iron_sword":1,"minecraft:stone_axe":1,"minecraft:air":0,"minecraft:oak_boat":1,"minecraft:iron_leggings":2,"minecraft:diamond_chestplate":1},"minecraft:picked_up":{"minecraft:iron_chestplate":3,"minecraft:redstone_block":1,"minecraft:diamond_sword":7,"minecraft:potion":3,"minecraft:enchanted_book":6,"minecraft:string":44,"minecraft:cooked_salmon":2,"minecraft:iron_leggings":9,"minecraft:cobbled_deepslate":193,"minecraft:trial_key":26,"minecraft:calcite":1,"minecraft:iron_pickaxe":7,"minecraft:furnace":2,"minecraft:iron_boots":9,"minecraft:tipped_arrow":141,"minecraft:stick":2,"minecraft:jukebox":1,"minecraft:torch":248,"minecraft:porkchop":54,"minecraft:waxed_copper_grate":8,"minecraft:pointed_dripstone":25,"minecraft:diorite":4,"minecraft:cauldron":2,"minecraft:honey_bottle":7,"minecraft:rotten_flesh":130,"minecraft:snowball":7,"minecraft:cobblestone":86,"minecraft:leather_chestplate":1,"minecraft:feather":18,"minecraft:cooked_beef":5,"minecraft:iron_door":2,"minecraft:andesite":4,"minecraft:brown_wool":2,"minecraft:golden_leggings":2,"minecraft:flint":3,"minecraft:tuff":3,"minecraft:lapis_lazuli":503,"minecraft:dirt":22,"minecraft:name_tag":6,"minecraft:leather_boots":4,"minecraft:bone":307,"minecraft:stonecutter":1,"minecraft:bow":12,"minecraft:wheat_seeds":15,"minecraft:raw_gold":2,"minecraft:bolt_armor_trim_smithing_template":1,"minecraft:stone_hoe":1,"minecraft:oak_planks":185,"minecraft:honeycomb":40,"minecraft:scrape_pottery_sherd":5,"minecraft:cooked_porkchop":29,"minecraft:diamond":138,"minecraft:granite":6,"minecraft:crossbow":1,"minecraft:breeze_rod":57,"minecraft:bone_meal":24,"minecraft:golden_apple":2,"minecraft:bread":21,"minecraft:emerald":97,"minecraft:ominous_trial_key":8,"minecraft:diamond_pickaxe":6,"minecraft:waxed_oxidized_cut_copper":1,"minecraft:crafting_table":14,"minecraft:ominous_bottle":12,"minecraft:chicken":20,"minecraft:wooden_pickaxe":1,"minecraft:music_disc_creator":7,"minecraft:brick":98,"minecraft:shield":7,"minecraft:wind_charge":61,"minecraft:iron_axe":6,"minecraft:beef":40,"minecraft:oak_boat":2,"minecraft:sugar_cane":63,"minecraft:waxed_oxidized_copper":1,"minecraft:egg":16,"minecraft:raw_iron":61,"minecraft:copper_ingot":12,"minecraft:flow_pottery_sherd":3,"minecraft:mace":1,"minecraft:carrot":1,"minecraft:redstone":15,"minecraft:arrow":319,"minecraft:diamond_chestplate":5,"minecraft:decorated_pot":4,"minecraft:flow_armor_trim_smithing_template":8,"minecraft:gold_ingot":30,"minecraft:tuff_bricks":19,"minecraft:mutton":22,"minecraft:white_wool":10,"minecraft:golden_carrot":2,"minecraft:leather":28,"minecraft:oak_log":13,"minecraft:waxed_copper_block":7,"minecraft:gunpowder":31,"minecraft:stone_pickaxe":3,"minecraft:iron_ingot":48,"minecraft:cooked_chicken":2,"minecraft:glass_bottle":3,"minecraft:iron_sword":2,"minecraft:smooth_basalt":1,"minecraft:emerald_block":1,"minecraft:bamboo_planks":6,"minecraft:heavy_core":1,"minecraft:dandelion":6,"minecraft:dripstone_block":41,"minecraft:gravel":16,"minecraft:white_bed":3,"minecraft:crying_obsidian":2,"minecraft:spruce_door":1,"minecraft:polished_tuff":1,"minecraft:spider_eye":9,"minecraft:leather_helmet":1,"minecraft:stone_axe":2,"minecraft:iron_helmet":5,"minecraft:baked_potato":41,"minecraft:black_wool":1,"minecraft:chiseled_tuff_bricks":3,"minecraft:coal":364},"minecraft:killed":{"minecraft:cave_spider":2,"minecraft:witch":1,"minecraft:spider":30,"minecraft:skeleton":21,"minecraft:chicken":10,"minecraft:silverfish":11,"minecraft:pig":11,"minecraft:creeper":5,"minecraft:sheep":6,"minecraft:zombie":17,"minecraft:stray":66,"minecraft:cow":8,"minecraft:horse":4,"minecraft:snow_golem":1,"minecraft:husk":55,"minecraft:breeze":12}},"DataVersion":3955}