{"stats":{"minecraft:broken":{"minecraft:shield":2,"minecraft:iron_helmet":1},"minecraft:mined":{"minecraft:tuff":1,"minecraft:white_bed":2,"minecraft:deepslate_diamond_ore":21,"minecraft:glow_lichen":1,"minecraft:granite":5,"minecraft:decorated_pot":27,"minecraft:chiseled_tuff_bricks":3,"minecraft:tuff_bricks":8,"minecraft:furnace":1,"minecraft:waxed_oxidized_cut_copper":1,"minecraft:iron_ore":23,"minecraft:waxed_copper_grate":4,"minecraft:fire":2,"minecraft:cobbled_deepslate":3,"minecraft:polished_tuff":1,"minecraft:deepslate_lapis_ore":4,"minecraft:pointed_dripstone":3,"minecraft:deepslate_iron_ore":10,"minecraft:stone":39,"minecraft:deepslate_redstone_ore":2,"minecraft:redstone_block":1,"minecraft:powder_snow":6,"minecraft:crafting_table":7,"minecraft:short_grass":9,"minecraft:calcite":1,"minecraft:cobblestone":2,"minecraft:deepslate_gold_ore":2,"minecraft:lapis_ore":6,"minecraft:oak_planks":1,"minecraft:sugar_cane":4,"minecraft:diorite":2,"minecraft:cauldron":1,"minecraft:jukebox":1,"minecraft:waxed_copper_block":5,"minecraft:black_wool":1,"minecraft:coal_ore":56,"minecraft:oak_log":13,"minecraft:waxed_oxidized_copper":2,"minecraft:gravel":3,"minecraft:dripstone_block":1,"minecraft:dirt":3,"minecraft:cobweb":11,"minecraft:smooth_basalt":1,"minecraft:deepslate":55},"minecraft:killed_by":{"minecraft:husk":2,"minecraft:stray":4,"minecraft:creeper":3,"minecraft:silverfish":1},"minecraft:custom":{"minecraft:mob_kills":212,"minecraft:interact_with_crafting_table":27,"minecraft:open_barrel":12,"minecraft:eat_cake_slice":2,"minecraft:leave_game":3,"minecraft:time_since_death":121902,"minecraft:climb_one_cm":20596,"minecraft:sprint_one_cm":768241,"minecraft:walk_one_cm":612374,"minecraft:damage_blocked_by_shield":6049,"minecraft:drop":106,"minecraft:play_time":284967,"minecraft:sneak_time":4601,"minecraft:deaths":12,"minecraft:walk_under_water_one_cm":16797,"minecraft:boat_one_cm":40979,"minecraft:jump":4565,"minecraft:walk_on_water_one_cm":29101,"minecraft:total_world_time":284967,"minecraft:interact_with_furnace":27,"minecraft:play_record":3,"minecraft:pot_flower":14,"minecraft:sleep_in_bed":2,"minecraft:time_since_rest":88938,"minecraft:damage_absorbed":80,"minecraft:damage_taken":9575,"minecraft:damage_dealt":32561,"minecraft:player_kills":1,"minecraft:swim_one_cm":32401,"minecraft:fly_one_cm":1527987,"minecraft:open_chest":55,"minecraft:crouch_one_cm":7855,"minecraft:fall_one_cm":124579,"minecraft:inspect_dispenser":3},"minecraft:used":{"minecraft:tuff_bricks":3,"minecraft:oak_trapdoor":6,"minecraft:stone_sword":1,"minecraft:flint_and_steel":1,"minecraft:spruce_slab":77,"minecraft:spruce_planks":14,"minecraft:chest":104,"minecraft:iron_sword":202,"minecraft:decorated_pot":1,"minecraft:shield":99,"minecraft:stone":725,"minecraft:zombie_spawn_egg":1,"minecraft:cooked_chicken":1,"minecraft:rotten_flesh":1,"minecraft:trial_key":8,"minecraft:torch":2,"minecraft:dirt":82,"minecraft:white_carpet":14,"minecraft:spruce_stairs":76,"minecraft:carrot":1,"minecraft:waxed_copper_grate":6,"minecraft:tuff":1,"minecraft:stone_brick_slab":13,"minecraft:lantern":18,"minecraft:tipped_arrow":1,"minecraft:iron_axe":3,"minecraft:grass_block":600,"minecraft:iron_helmet":2,"minecraft:iron_boots":1,"minecraft:barrel":52,"minecraft:stone_brick_stairs":68,"minecraft:stone_bricks":441,"minecraft:smooth_basalt":1,"minecraft:diamond_chestplate":1,"minecraft:red_carpet":23,"minecraft:golden_sword":8,"minecraft:golden_carrot":4,"minecraft:bow":20,"minecraft:ominous_bottle":2,"minecraft:furnace":16,"minecraft:egg":1,"minecraft:cooked_beef":19,"minecraft:cobbled_deepslate":46,"minecraft:iron_leggings":1,"minecraft:pointed_dripstone":14,"minecraft:calcite":1,"minecraft:diorite":2,"minecraft:spruce_door":5,"minecraft:stone_pickaxe":15,"minecraft:baked_potato":31,"minecraft:oak_planks":18,"minecraft:wooden_pickaxe":15,"minecraft:redstone_block":2,"minecraft:cauldron":1,"minecraft:waxed_copper_block":2,"minecraft:oak_leaves":40,"minecraft:golden_apple":3,"minecraft:tnt":1,"minecraft:crafting_table":14,"minecraft:blast_furnace":6,"minecraft:white_bed":9,"minecraft:sponge":15,"minecraft:dripstone_block":3,"minecraft:smoker":6,"minecraft:flower_pot":14,"minecraft:polished_tuff":1,"minecraft:oak_log":119,"minecraft:black_wool":1,"minecraft:diamond_pickaxe":55,"minecraft:ominous_trial_key":2,"minecraft:crying_obsidian":1,"minecraft:wind_charge":5,"minecraft:breeze_spawn_egg":6,"minecraft:bread":19,"minecraft:oak_button":2,"minecraft:iron_pickaxe":182,"minecraft:spruce_trapdoor":35,"minecraft:gravel":1,"minecraft:stone_axe":76,"minecraft:chiseled_tuff_bricks":3,"minecraft:diamond_sword":292,"minecraft:potion":1,"minecraft:cobblestone":34,"minecraft:cooked_porkchop":15,"minecraft:oak_boat":1,"minecraft:bone_meal":12,"minecraft:waxed_copper_bulb":2,"minecraft:jukebox":1},"minecraft:crafted":{"minecraft:oak_planks":116,"minecraft:jukebox":1,"minecraft:cooked_chicken":10,"minecraft:furnace":1,"minecraft:mace":1,"minecraft:bow":2,"minecraft:iron_boots":2,"minecraft:stone_pickaxe":1,"minecraft:redstone_block":1,"minecraft:cooked_beef":21,"minecraft:diamond_sword":1,"minecraft:emerald":9,"minecraft:cooked_porkchop":8,"minecraft:crafting_table":2,"minecraft:wooden_pickaxe":1,"minecraft:iron_helmet":2,"minecraft:iron_sword":1,"minecraft:stone_axe":1,"minecraft:air":0,"minecraft:oak_boat":1,"minecraft:iron_chestplate":1,"minecraft:diamond_pickaxe":1,"minecraft:shield":3,"minecraft:stick":16,"minecraft:iron_pickaxe":1,"minecraft:iron_ingot":3,"minecraft:iron_leggings":2,"minecraft:gold_ingot":2,"minecraft:diamond_chestplate":1},"minecraft:dropped":{"minecraft:iron_ingot":5,"minecraft:ominous_bottle":1,"minecraft:cooked_beef":3,"minecraft:baked_potato":2,"minecraft:diamond":35,"minecraft:crafting_table":1,"minecraft:cooked_porkchop":7,"minecraft:crossbow":1,"minecraft:ominous_trial_key":4,"minecraft:coal":12,"minecraft:flow_armor_trim_smithing_template":2,"minecraft:flint":1,"minecraft:stick":1,"minecraft:mace":2,"minecraft:torch":96,"minecraft:scrape_pottery_sherd":2,"minecraft:waxed_oxidized_copper":1,"minecraft:potion":1,"minecraft:iron_leggings":4,"minecraft:bone_meal":8,"minecraft:bolt_armor_trim_smithing_template":1,"minecraft:iron_pickaxe":1,"minecraft:string":2,"minecraft:bamboo_planks":6,"minecraft:gold_ingot":30,"minecraft:bone":37,"minecraft:stone_axe":1,"minecraft:sugar_cane":12,"minecraft:flow_pottery_sherd":1,"minecraft:pointed_dripstone":4,"minecraft:rotten_flesh":50,"minecraft:oak_planks":27,"minecraft:iron_boots":3,"minecraft:diamond_sword":2,"minecraft:leather_chestplate":1,"minecraft:tipped_arrow":70,"minecraft:trial_key":8,"minecraft:diamond_pickaxe":2,"minecraft:iron_chestplate":1,"minecraft:leather_boots":2,"minecraft:waxed_oxidized_cut_copper":1,"minecraft:golden_sword":1,"minecraft:spider_eye":2,"minecraft:bow":5,"minecraft:arrow":191,"minecraft:crying_obsidian":1},"minecraft:picked_up":{"minecraft:iron_chestplate":3,"minecraft:waxed_oxidized_cut_copper":1,"minecraft:crafting_table":13,"minecraft:ominous_bottle":11,"minecraft:redstone_block":1,"minecraft:chicken":20,"minecraft:diamond_sword":7,"minecraft:wooden_pickaxe":1,"minecraft:potion":2,"minecraft:enchanted_book":5,"minecraft:music_disc_creator":6,"minecraft:brick":90,"minecraft:shield":6,"minecraft:wind_charge":60,"minecraft:string":14,"minecraft:iron_axe":5,"minecraft:iron_leggings":9,"minecraft:cobbled_deepslate":191,"minecraft:beef":40,"minecraft:trial_key":25,"minecraft:oak_boat":2,"minecraft:calcite":1,"minecraft:iron_pickaxe":7,"minecraft:sugar_cane":50,"minecraft:furnace":2,"minecraft:waxed_oxidized_copper":1,"minecraft:iron_boots":9,"minecraft:egg":15,"minecraft:tipped_arrow":108,"minecraft:raw_iron":36,"minecraft:stick":2,"minecraft:jukebox":1,"minecraft:copper_ingot":12,"minecraft:torch":248,"minecraft:porkchop":54,"minecraft:flow_pottery_sherd":3,"minecraft:mace":1,"minecraft:waxed_copper_grate":8,"minecraft:pointed_dripstone":21,"minecraft:diorite":4,"minecraft:carrot":1,"minecraft:redstone":15,"minecraft:cauldron":1,"minecraft:arrow":297,"minecraft:rotten_flesh":124,"minecraft:diamond_chestplate":4,"minecraft:decorated_pot":3,"minecraft:gold_ingot":30,"minecraft:flow_armor_trim_smithing_template":8,"minecraft:tuff_bricks":19,"minecraft:mutton":22,"minecraft:snowball":7,"minecraft:white_wool":10,"minecraft:cobblestone":73,"minecraft:leather_chestplate":1,"minecraft:feather":18,"minecraft:cooked_beef":3,"minecraft:golden_carrot":2,"minecraft:andesite":4,"minecraft:leather":28,"minecraft:brown_wool":2,"minecraft:flint":3,"minecraft:tuff":1,"minecraft:oak_log":13,"minecraft:waxed_copper_block":4,"minecraft:gunpowder":28,"minecraft:lapis_lazuli":439,"minecraft:dirt":4,"minecraft:name_tag":6,"minecraft:leather_boots":4,"minecraft:bone":296,"minecraft:bow":12,"minecraft:wheat_seeds":10,"minecraft:raw_gold":2,"minecraft:iron_ingot":42,"minecraft:stone_pickaxe":3,"minecraft:cooked_chicken":2,"minecraft:bolt_armor_trim_smithing_template":1,"minecraft:glass_bottle":3,"minecraft:honeycomb":40,"minecraft:iron_sword":2,"minecraft:oak_planks":185,"minecraft:scrape_pottery_sherd":5,"minecraft:smooth_basalt":1,"minecraft:emerald_block":1,"minecraft:cooked_porkchop":29,"minecraft:bamboo_planks":6,"minecraft:heavy_core":1,"minecraft:dripstone_block":34,"minecraft:gravel":16,"minecraft:spruce_door":1,"minecraft:crying_obsidian":2,"minecraft:white_bed":3,"minecraft:spider_eye":2,"minecraft:polished_tuff":1,"minecraft:diamond":123,"minecraft:stone_axe":2,"minecraft:iron_helmet":5,"minecraft:granite":6,"minecraft:crossbow":1,"minecraft:breeze_rod":55,"minecraft:bone_meal":24,"minecraft:golden_apple":2,"minecraft:emerald":82,"minecraft:bread":21,"minecraft:baked_potato":41,"minecraft:black_wool":1,"minecraft:ominous_trial_key":6,"minecraft:coal":346,"minecraft:chiseled_tuff_bricks":3,"minecraft:diamond_pickaxe":6},"minecraft:killed":{"minecraft:cave_spider":2,"minecraft:witch":1,"minecraft:spider":3,"minecraft:horse":4,"minecraft:skeleton":7,"minecraft:chicken":10,"minecraft:silverfish":11,"minecraft:snow_golem":1,"minecraft:husk":55,"minecraft:pig":11,"minecraft:creeper":1,"minecraft:sheep":6,"minecraft:zombie":13,"minecraft:stray":66,"minecraft:breeze":11,"minecraft:cow":8}},"DataVersion":3955}