{"stats":{"minecraft:mined":{"minecraft:deepslate_diamond_ore":3,"minecraft:crafting_table":5,"minecraft:glow_lichen":1,"minecraft:granite":5,"minecraft:short_grass":9,"minecraft:calcite":1,"minecraft:cobblestone":1,"minecraft:deepslate_gold_ore":1,"minecraft:lapis_ore":6,"minecraft:sugar_cane":4,"minecraft:diorite":2,"minecraft:furnace":1,"minecraft:iron_ore":23,"minecraft:deepslate_lapis_ore":4,"minecraft:black_wool":1,"minecraft:pointed_dripstone":3,"minecraft:oak_log":13,"minecraft:coal_ore":44,"minecraft:dripstone_block":1,"minecraft:dirt":1,"minecraft:cobweb":11,"minecraft:smooth_basalt":1,"minecraft:stone":39,"minecraft:deepslate":7},"minecraft:killed_by":{"minecraft:creeper":2},"minecraft:used":{"minecraft:flint_and_steel":1,"minecraft:stone_pickaxe":15,"minecraft:shield":11,"minecraft:wooden_pickaxe":15,"minecraft:zombie_spawn_egg":1,"minecraft:iron_sword":61,"minecraft:cauldron":1,"minecraft:torch":1,"minecraft:tnt":1,"minecraft:crafting_table":5,"minecraft:white_bed":1,"minecraft:dripstone_block":3,"minecraft:black_wool":1,"minecraft:iron_pickaxe":112,"minecraft:stone_axe":59,"minecraft:cobblestone":20,"minecraft:golden_carrot":2,"minecraft:furnace":2,"minecraft:cooked_porkchop":1,"minecraft:oak_boat":1,"minecraft:egg":1,"minecraft:cooked_beef":13,"minecraft:pointed_dripstone":11},"minecraft:custom":{"minecraft:interact_with_furnace":20,"minecraft:mob_kills":53,"minecraft:interact_with_crafting_table":10,"minecraft:leave_game":2,"minecraft:time_since_death":35617,"minecraft:time_since_rest":35804,"minecraft:sprint_one_cm":208072,"minecraft:damage_taken":2870,"minecraft:walk_one_cm":85455,"minecraft:damage_blocked_by_shield":1014,"minecraft:drop":16,"minecraft:damage_dealt":6697,"minecraft:swim_one_cm":3465,"minecraft:fly_one_cm":369332,"minecraft:open_chest":8,"minecraft:crouch_one_cm":1872,"minecraft:play_time":64225,"minecraft:deaths":4,"minecraft:sneak_time":1156,"minecraft:walk_under_water_one_cm":3650,"minecraft:boat_one_cm":40979,"minecraft:jump":1442,"minecraft:walk_on_water_one_cm":6015,"minecraft:total_world_time":64225,"minecraft:fall_one_cm":51142},"minecraft:dropped":{"minecraft:stone_axe":1,"minecraft:cooked_beef":3,"minecraft:crafting_table":1,"minecraft:cooked_porkchop":7,"minecraft:torch":46,"minecraft:spider_eye":1,"minecraft:arrow":1,"minecraft:bone":1},"minecraft:crafted":{"minecraft:cooked_beef":21,"minecraft:oak_planks":116,"minecraft:cooked_porkchop":8,"minecraft:crafting_table":1,"minecraft:wooden_pickaxe":1,"minecraft:iron_helmet":1,"minecraft:cooked_chicken":10,"minecraft:iron_sword":1,"minecraft:furnace":1,"minecraft:stone_axe":1,"minecraft:air":0,"minecraft:oak_boat":1,"minecraft:iron_boots":1,"minecraft:iron_chestplate":1,"minecraft:shield":1,"minecraft:stick":12,"minecraft:iron_ingot":3,"minecraft:iron_pickaxe":1,"minecraft:stone_pickaxe":1,"minecraft:gold_ingot":2,"minecraft:iron_leggings":1},"minecraft:picked_up":{"minecraft:crafting_table":7,"minecraft:feather":18,"minecraft:chicken":20,"minecraft:andesite":4,"minecraft:leather":28,"minecraft:brown_wool":2,"minecraft:wooden_pickaxe":1,"minecraft:oak_log":13,"minecraft:string":11,"minecraft:lapis_lazuli":56,"minecraft:dirt":2,"minecraft:bone":6,"minecraft:wheat_seeds":6,"minecraft:cobbled_deepslate":6,"minecraft:raw_gold":1,"minecraft:beef":40,"minecraft:stone_pickaxe":1,"minecraft:oak_boat":2,"minecraft:calcite":1,"minecraft:sugar_cane":14,"minecraft:oak_planks":30,"minecraft:furnace":2,"minecraft:egg":15,"minecraft:stick":2,"minecraft:raw_iron":26,"minecraft:smooth_basalt":1,"minecraft:cooked_porkchop":10,"minecraft:torch":47,"minecraft:dripstone_block":3,"minecraft:gravel":14,"minecraft:porkchop":54,"minecraft:pointed_dripstone":11,"minecraft:diorite":2,"minecraft:spider_eye":1,"minecraft:arrow":4,"minecraft:rotten_flesh":5,"minecraft:diamond":3,"minecraft:stone_axe":1,"minecraft:granite":6,"minecraft:black_wool":1,"minecraft:mutton":22,"minecraft:coal":48,"minecraft:white_wool":10,"minecraft:cobblestone":58,"minecraft:diamond_pickaxe":1},"minecraft:killed":{"minecraft:cave_spider":2,"minecraft:pig":11,"minecraft:skeleton":3,"minecraft:sheep":6,"minecraft:horse":4,"minecraft:zombie":9,"minecraft:chicken":10,"minecraft:cow":8}},"DataVersion":3955}